<application>
  <component name="FileTypeManager" version="18">
    <ignoreFiles list="*$py.class;*.pyc;*.pyo;*.rbc;*.yarb;*~;.DS_Store;.git;.hg;.svn;CVS;__pycache__;_svn;vssver.scc;vssver2.scc" />
    <extensionMap>
      <mapping pattern="resultat_newton" type="AUTO_DETECTED" />
      <mapping pattern="resultat_bisection" type="AUTO_DETECTED" />
      <mapping pattern="105torus" type="AUTO_DETECTED" />
      <mapping pattern=".env" type="PLAIN_TEXT" />
      <mapping ext="key" type="PLAIN_TEXT" />
      <removed_mapping ext="txt" approved="true" type="PLAIN_TEXT" />
      <removed_mapping pattern=".env" approved="true" type=".env file" />
    </extensionMap>
  </component>
</application>