<profile version="1.0">
  <option name="myName" value="Default" />
  <inspection_tool class="DuplicatedCode" enabled="true" level="WEAK WARNING" enabled_by_default="true">
    <Languages>
      <language minSize="172" name="Python" />
    </Languages>
  </inspection_tool>
  <inspection_tool class="PyInterpreterInspection" enabled="false" level="WARNING" enabled_by_default="false" />
  <inspection_tool class="PyPep8NamingInspection" enabled="true" level="WEAK WARNING" enabled_by_default="true">
    <option name="ignoredErrors">
      <list>
        <option value="N802" />
        <option value="N806" />
        <option value="N803" />
      </list>
    </option>
  </inspection_tool>
</profile>